Study,Review,Country,Age,Age group,Vax type,N,Estimate,Vaccine name,If titers: rSBA or hSBA,0,0.5,1,3,5,6,11,12,18,20,22,23,24,28,30,36,48,90,Overall,Wan,Dur,VE,MenB strain,Format,Extra info
2010Findlow,,UK,6 m,Infants,"Primary (2,4,6 m)",3,Titers,4CMenB/Bexsero,hSBA,,,"87 (73, 96)",,,"63 (44, 80)",,,,,,,,,,,,,,"1.0113878959112699 (0.797281653469771, 1.2254941383527687)","0.9887403280607692 (0.8159973750214231, 1.2542618980983677)",,44/76-SL for fHbp,Yes,
2010Findlow,,UK,6 m,Infants,"Primary (2,4,6 m)",3,Titers,4CMenB/Bexsero,hSBA,,,"85 (70, 94)",,,"34 (18, 54)",,,,,,,,,,,,,,"2.0998851712143933 (2.062744763957459, 2.1370255784713277)","0.4762165158877168 (0.4679401173641202, 0.48479095304135433)",,NZ98/254 for PorA,Yes,
2010Findlow,,UK,6 m,Infants,"Primary (2,4,6 m)",3,Titers,4CMenB/Bexsero,hSBA,,,"95 (82, 99)",,,"89 (71, 98)",,,,,,,,,,,,,,"0.2618188758407811 (0.21979904444885473, 0.3038387072327075)","3.8194343199614305 (3.2912199012027403, 4.549610315674921)",,5/99 for NadA,Yes,
2013Santolaya,,Chile,11-17 y,Adolescents,Catch-up (0 m),1,Titers,4CMenB/Bexsero,hSBA,"40 (30, 51)",,"93 (85, 97)",,,,,,,,,,"73 (63, 81)",,,,,,,"0.1618133703632224 (0.11912646159427115, 0.20450027913217367)","6.179959034011222 (4.889968875561656, 8.39444055180508)",,44/76-SL for fHbp,Yes,
2013Santolaya,,Chile,11-17 y,Adolescents,Catch-up (0 m),1,Titers,4CMenB/Bexsero,hSBA,"33 (23, 43)",,"96 (90, 99)",,,,,,,,,,"65 (55, 75)",,,,,,,"0.22034644281628352 (0.208947529144774, 0.23174535648779304)","4.5383078901517 (4.315081066371546, 4.785890525209932)",,5/99 for NadA,Yes,
2013Santolaya,,Chile,11-17 y,Adolescents,Catch-up (0 m),1,Titers,4CMenB/Bexsero,hSBA,"31 (21, 41)",,"94 (87, 98)",,,,,,,,,,"62 (52, 72)",,,,,,,"0.2454645969487914 (0.21426324077897207, 0.27666595311861075)","4.0739072454045955 (3.6144671533590738, 4.667156141036679)",,NZ98/254 for PorA,Yes,
2013Santolaya,,Chile,11-17 y,Adolescents,Catch-up (6 m),1,Titers,4CMenB/Bexsero,hSBA,"47 (33, 62)",,"94 (84, 99)",,,,,,"73 (58, 84)",,,,,,,,,,,"0.21803274756551216 (0.18013162158209578, 0.25593387354892855)","4.586466992530701 (3.9072592702693707, 5.551496129424703)",,44/76-SL for fHbp,Yes,
2013Santolaya,,Chile,11-17 y,Adolescents,Catch-up (6 m),1,Titers,4CMenB/Bexsero,hSBA,"33 (21, 48)",,"88 (76, 96)",,,,,,"73 (58, 84)",,,,,,,,,,,"0.2200008257931868 (0.05741382840193687, 0.38258782318443674)","4.545437483675886 (2.613778953225919, 17.417406709047548)",,5/99 for NadA,Yes,
2013Santolaya,,Chile,11-17 y,Adolescents,Catch-up (6 m),1,Titers,4CMenB/Bexsero,hSBA,"29 (17, 44)",,"92 (81, 98)",,,,,,"61 (46, 74)",,,,,,,,,,,"0.34218493444631226 (0.2748522545765892, 0.40951761431603534)","2.9223963399151254 (2.441897405732282, 3.638318345034147)",,NZ98/254 for PorA,Yes,
2013Santolaya,,Chile,11-17 y,Adolescents,"Catch-up (0,1 m)",2,Titers,4CMenB/Bexsero,hSBA,"32 (23, 42)",,"100 (96, 100)",,,,,,,,,"82 (74, 89)",,,,,,,,"0.0996872853696395 (0.09691982096878209, 0.10245474977049691)","10.031369560240401 (9.7604064451872, 10.317806925397647)",,44/76-SL for fHbp,Yes,
2013Santolaya,,Chile,11-17 y,Adolescents,"Catch-up (0,1 m)",2,Titers,4CMenB/Bexsero,hSBA,"26 (18, 36)",,"100 (96, 100)",,,,,,,,,"93 (86, 97)",,,,,,,,"0.03725078495455003 (0.03704942283264481, 0.03745214707645525)","26.845071888286586 (26.700738891113193, 26.99097377352083)",,5/99 for NadA,Yes,
2013Santolaya,,Chile,11-17 y,Adolescents,"Catch-up (0,1 m)",2,Titers,4CMenB/Bexsero,hSBA,"24 (16, 33)",,"100 (96, 100)",,,,,,,,,"75 (65, 83)",,,,,,,,"0.1405663934146465 (0.13047688947081246, 0.15065589735848053)","7.11407595875476 (6.63764258507939, 7.664192517585262)",,NZ98/254 for PorA,Yes,
2013Santolaya,,Chile,11-17 y,Adolescents,"Catch-up (0,2 m)",2,Titers,4CMenB/Bexsero,hSBA,"41 (31, 51)",,"100 (97, 100)",,,,,,,,"81 (72, 88)",,,,,,,,,"0.10547956861736103 (0.09767634341567862, 0.11328279381904345)","9.480509003858483 (8.827465904463724, 10.23789348608523)",,44/76-SL for fHbp,Yes,
2013Santolaya,,Chile,11-17 y,Adolescents,"Catch-up (0,2 m)",2,Titers,4CMenB/Bexsero,hSBA,"30 (22, 40)",,"100 (97, 100)",,,,,,,,"95 (89, 98)",,,,,,,,,"0.027411668602748598 (0.027286027330327815, 0.02753730987516938)","36.48081459367012 (36.31436783524408, 36.64879419396176)",,5/99 for NadA,Yes,
2013Santolaya,,Chile,11-17 y,Adolescents,"Catch-up (0,2 m)",2,Titers,4CMenB/Bexsero,hSBA,"30 (22, 40)",,"100 (97, 100)",,,,,,,,"75 (66, 83)",,,,,,,,,"0.14048437970264405 (0.12075157911482923, 0.16021718029045887)","7.118229102172411 (6.241527894743204, 8.28146519764388)",,NZ98/254 for PorA,Yes,
2013Santolaya,,Chile,11-17 y,Adolescents,"Catch-up (0,6 m)",2,Titers,4CMenB/Bexsero,hSBA,"31 (18, 45)",,"100 (93, 100)",,,,,,"84 (70, 93)",,,,,,,,,,,"0.11098565387394621 (0.10725999665464221, 0.11471131109325021)","9.010173523289474 (8.71753613893479, 9.323140324344957)",,44/76-SL for fHbp,Yes,
2013Santolaya,,Chile,11-17 y,Adolescents,"Catch-up (0,6 m)",2,Titers,4CMenB/Bexsero,hSBA,"22 (18, 45)",,"98 (89, 100)",,,,,,"94 (83, 99)",,,,,,,,,,,"0.042661139401143244 (0.03908133978696977, 0.04624093901531672)","23.44053661101236 (21.625858412364046, 25.587659109205184)",,5/99 for NadA,Yes,
2013Santolaya,,Chile,11-17 y,Adolescents,"Catch-up (0,6 m)",2,Titers,4CMenB/Bexsero,hSBA,"29 (17, 43)",,"100 (93, 100)",,,,,,"86 (73, 94)",,,,,,,,,,,"0.09691771329202925 (0.09459584479295187, 0.09923958179110663)","10.31803130751582 (10.076624487444334, 10.5712888572301)",,NZ98/254 for PorA,Yes,
2013Santolaya,,Chile,11-17 y,Adolescents,"Catch-up (0,1,2 m)",3,Titers,4CMenB/Bexsero,hSBA,"44 (36, 52)",,"100 (98, 100)",,,,,,,,"83 (76, 89)",,,,,,,,,"0.09024407255216116 (0.0812024281196495, 0.09928571698467281)","11.081060192867504 (10.071942172249958, 12.314902684024768)",,44/76-SL for fHbp,Yes,
2013Santolaya,,Chile,11-17 y,Adolescents,"Catch-up (0,1,2 m)",3,Titers,4CMenB/Bexsero,hSBA,"34 (27, 42)",,"100 (98, 100)",,,,,,,,"96 (92, 99)",,,,,,,,,"0.021676472041254665 (0.021580791499999884, 0.021772152582509446)","46.13296841371603 (45.93023111565667, 46.337503422893704)",,5/99 for NadA,Yes,
2013Santolaya,,Chile,11-17 y,Adolescents,"Catch-up (0,1,2 m)",3,Titers,4CMenB/Bexsero,hSBA,"30 (22, 58)",,"99 (96, 100)",,,,,,,,"86 (79, 91)",,,,,,,,,"0.0831945449106751 (0.08292876372832766, 0.08346032609302254)","12.020018873517332 (11.9817408679356, 12.05854223603251)",,NZ98/254 for PorA,Yes,
2013Santolaya,,Chile,11-17 y,Adolescents,"Catch-up (0,1,6 m)",3,Titers,4CMenB/Bexsero,hSBA,"40 (26, 54)",,"100 (93, 100)",,,,,,"92 (82, 98)",,,,,,,,,,,"0.054571614254636414 (0.054117801293297, 0.05502542721597583)","18.324544979261628 (18.173416374851236, 18.478208206952033)",,44/76-SL for fHbp,Yes,
2013Santolaya,,Chile,11-17 y,Adolescents,"Catch-up (0,1,6 m)",3,Titers,4CMenB/Bexsero,hSBA,"28 (17, 42)",,"100 (93, 100)",,,,,,"98 (90, 100)",,,,,,,,,,,"0.013381415425078239 (0.013366018296292864, 0.013396812553863614)","74.73051005694737 (74.64462132162937, 74.81659667317344)",,5/99 for NadA,Yes,
2013Santolaya,,Chile,11-17 y,Adolescents,"Catch-up (0,1,6 m)",3,Titers,4CMenB/Bexsero,hSBA,"32 (20, 46)",,"100 (93, 100)",,,,,,"98 (90, 100)",,,,,,,,,,,"0.013381415425078239 (0.013366018296292864, 0.013396812553863614)","74.73051005694737 (74.64462132162937, 74.81659667317344)",,NZ98/254 for PorA,Yes,
2013Santolaya,,Chile,11-17 y,Adolescents,"Catch-up (0,2,6 m)",3,Titers,4CMenB/Bexsero,hSBA,"32 (20, 45)",,"100 (94, 100)",,,,,,"86 (74, 94)",,,,,,,,,,,"0.09611417838022424 (0.09338309282630322, 0.09884526393414525)","10.404292237135254 (10.116822599272341, 10.708576571350504)",,44/76-SL for fHbp,Yes,
2013Santolaya,,Chile,11-17 y,Adolescents,"Catch-up (0,2,6 m)",3,Titers,4CMenB/Bexsero,hSBA,"21 (11, 34)",,"100 (94, 100)",,,,,,"100 (94, 100)",,,,,,,,,,,,,,5/99 for NadA,Yes,
2013Santolaya,,Chile,11-17 y,Adolescents,"Catch-up (0,2,6 m)",3,Titers,4CMenB/Bexsero,hSBA,"21 (11, 34)",,"98 (91, 100)",,,,,,"96 (88, 100)",,,,,,,,,,,"0.028428181333165714 (0.02475754448779926, 0.03209881817853217)","35.17636208522952 (31.153794960239516, 40.39172788290087)",,NZ98/254 for PorA,Yes,
2013Snape,,UK,1 y,Infants,"Primary (6,8,12 m)",3,Titers,4CMenB/Bexsero,hSBA,"29 (13, 51)",,"100 (86, 100)",,,,,,,,,,,"36 (13, 65)",,,,,,"0.38232079363753835 (0.13529467989842076, 0.629346907376656)","2.615604530649872 (1.5889487789307797, 7.39127363138595)",,44/76-SL for fHbp,Yes,Pre-vax and 1 m data is from 2010Snape
2013Snape,,UK,1 y,Infants,"Primary (6,8,12 m)",3,Titers,4CMenB/Bexsero,hSBA,"0 (0, 14)",,"100 (86, 100)",,,,,,,,,,,"100 (77, 100)",,,,,,,,,5/99 for NadA,Yes,Pre-vax and 1 m data is from 2010Snape
2013Snape,,UK,1 y,Infants,"Primary (6,8,12 m)",3,Titers,4CMenB/Bexsero,hSBA,"0 (0, 14)",,"96 (79, 100)",,,,,,,,,,,"14 (2, 43)",,,,,,"0.7799408857501743 (0.5259698982594111, 1.0339118732409376)","1.282148452876868 (0.9672004218941445, 1.9012494884389655)",,NZ98/254 for PorA,Yes,Pre-vax and 1 m data is from 2010Snape
2013Snape,,UK,1 y,Infants,"Primary (6,8,12 m)",3,Titers,4CMenB/Bexsero,hSBA,,,,,,,,,,,,,,"79 (49, 95)",,,,,,,,,M10713 for NHBA,Yes,Pre-vax and 1 m data is from 2010Snape
2014McQuaid,,UK,3.5 y,Infants,"Primary (6,8,12 m), booster (3.5 y)",3+1,Titers,4CMenB/Bexsero,hSBA,"36 (13, 65)","100 (77, 100)",,,,,,,,"67 (35, 90)",,,,,,,,,,,,,44/76-SL for fHbp,Yes,Evaluation at 2 weeks is actually immediately after the booster dose. Pre-vax data is from 2013Snape
2014McQuaid,,UK,3.5 y,Infants,"Primary (6,8,12 m), booster (3.5 y)",3+1,Titers,4CMenB/Bexsero,hSBA,"100 (77, 100)","100 (77, 100)",,,,,,,,"100 (72, 100)",,,,,,,,,,,,,5/99 for NadA,Yes,Evaluation at 2 weeks is actually immediately after the booster dose. Pre-vax data is from 2013Snape
2014McQuaid,,UK,3.5 y,Infants,"Primary (6,8,12 m), booster (3.5 y)",3+1,Titers,4CMenB/Bexsero,hSBA,"14 (2, 43)","93 (66, 100)",,,,,,,,"17 (2, 48)",,,,,,,,,,,,,NZ98/254 for PorA,Yes,Evaluation at 2 weeks is actually immediately after the booster dose. Pre-vax data is from 2013Snape
2014McQuaid,,UK,3.5 y,Infants,"Primary (6,8,12 m), booster (3.5 y)",3+1,Titers,4CMenB/Bexsero,hSBA,"79 (49, 95)","93 (66, 100)",,,,,,,,"45 (17, 77)",,,,,,,,,,,,,M10713 for NHBA,Yes,Evaluation at 2 weeks is actually immediately after the booster dose. Pre-vax data is from 2013Snape
2014McQuaid,,UK,3.5 y,Infants,"Catch-up (40,42 m)",2,Titers,4CMenB/Bexsero,hSBA,"3 (0, 13)","100 (88, 100)",,,,,,,,"38 (19, 59)",,,,,,,,,,,,,44/76-SL for fHbp,Yes,
2014McQuaid,,UK,3.5 y,Infants,"Catch-up (40,42 m)",2,Titers,4CMenB/Bexsero,hSBA,"0 (0, 9)","100 (89, 100)",,,,,,,,"100 (86, 100)",,,,,,,,,,,,,5/99 for NadA,Yes,
2014McQuaid,,UK,3.5 y,Infants,"Catch-up (40,42 m)",2,Titers,4CMenB/Bexsero,hSBA,"0 (0, 9)","90 (74, 98)",,,,,,,,"0 (0, 14)",,,,,,,,,,,,,NZ98/254 for PorA,Yes,
2014McQuaid,,UK,3.5 y,Infants,"Catch-up (40,42 m)",2,Titers,4CMenB/Bexsero,hSBA,"53 (36, 68)","72 (53, 87)",,,,,,,,"83 (61, 95)",,,,,,,,,,,,,M10713 for NHBA,Yes,
2015McQuaid,,UK,3.5 y,Infants,"Primary (2,4,6 m), booster (12, 40 m)",3+1+1,Titers,4CMenB/Bexsero,hSBA,,,"100 (79, 100)",,,,,,,"44 (20, 70)",,,,,,,,,,"0.46009993117652026 (0.35702998664713215, 0.5631698757059084)","2.1734408815122026 (1.7756631580241122, 2.8008851844378615)",,44/76-SL for fHbp,Yes,
2015McQuaid,,UK,3.5 y,Infants,"Primary (2,4,6 m), booster (12, 40 m)",3+1+1,Titers,4CMenB/Bexsero,hSBA,,,"100 (78, 100)",,,,,,,"88 (62, 98)",,,,,,,,,,"0.07605442522277112 (0.07548206116089147, 0.07662678928465076)","13.148478830402027 (13.050266223281675, 13.248180887224061)",,5/99 for NadA,Yes,
2015McQuaid,,UK,3.5 y,Infants,"Primary (2,4,6 m), booster (12, 40 m)",3+1+1,Titers,4CMenB/Bexsero,hSBA,,,"88 (62, 98)",,,,,,,"69 (41, 89)",,,,,,,,,,"0.2319669627062989 (0.07847237639866558, 0.38546154901393226)","4.310958717281363 (2.5942924853546305, 12.743337794686754)",,NZ98/254 for PorA,Yes,
2015McQuaid,,UK,3.5 y,Infants,"Primary (2,4,6 m), booster (12, 40 m)",3+1+1,Titers,4CMenB/Bexsero,hSBA,,,"93 (68, 100)",,,,,,,"88 (62, 98)",,,,,,,,,,"0.07948815683803645 (0.04003077521820108, 0.11894553845787181)","12.580490475299118 (8.407208987953595, 24.980780275904394)",,M10713 for NHBA,Yes,
2015McQuaid,,UK,3.5 y,Infants,"Primary (12 m), booster (40, 42 m)",1+2,Titers,4CMenB/Bexsero,hSBA,,,"100 (48, 100)",,,,,,"80 (28, 99)",,,,,,,,,,,"0.1474152940107213 (0.14518613869632555, 0.14964444932511703)","6.783556663579774 (6.6825064645558845, 6.8877098666534655)",,44/76-SL for fHbp,Yes,
2015McQuaid,,UK,3.5 y,Infants,"Primary (12 m), booster (40, 42 m)",1+2,Titers,4CMenB/Bexsero,hSBA,,,"100 (48, 100)",,,,,,"100 (48, 100)",,,,,,,,,,,,,,5/99 for NadA,Yes,
2015McQuaid,,UK,3.5 y,Infants,"Primary (12 m), booster (40, 42 m)",1+2,Titers,4CMenB/Bexsero,hSBA,,,"100 (48, 100)",,,,,,"80 (28, 99)",,,,,,,,,,,"0.1474152940107213 (0.14518613869632555, 0.14964444932511703)","6.783556663579774 (6.6825064645558845, 6.8877098666534655)",,NZ98/254 for PorA,Yes,
2015McQuaid,,UK,3.5 y,Infants,"Primary (12 m), booster (40, 42 m)",1+2,Titers,4CMenB/Bexsero,hSBA,,,"100 (48, 100)",,,,,,"100 (48, 100)",,,,,,,,,,,,,,M10713 for NHBA,Yes,
2015McQuaid,,UK,3.5 y,Infants,"Catch-up (40, 42 m)",2,Titers,4CMenB/Bexsero,hSBA,,,"100 (87, 100)",,,,,,"71 (51, 87)",,,,,,,,,,,"0.21841211033170985 (0.20451434602605487, 0.23230987463736483)","4.578500699806738 (4.304595323642603, 4.889632534006203)",,44/76-SL for fHbp,Yes,
2015McQuaid,,UK,3.5 y,Infants,"Catch-up (40, 42 m)",2,Titers,4CMenB/Bexsero,hSBA,,,"100 (87, 100)",,,,,,"100 (88, 100)",,,,,,,,,,,,,,5/99 for NadA,Yes,
2015McQuaid,,UK,3.5 y,Infants,"Catch-up (40, 42 m)",2,Titers,4CMenB/Bexsero,hSBA,,,"93 (76, 99)",,,,,,"31 (15, 51)",,,,,,,,,,,"0.7863746550380912 (0.7833541033025528, 0.7893952067736296)","1.271658481861373 (1.2667925918718739, 1.2765618968281227)",,NZ98/254 for PorA,Yes,
2015McQuaid,,UK,3.5 y,Infants,"Catch-up (40, 42 m)",2,Titers,4CMenB/Bexsero,hSBA,,,"89 (71, 98)",,,,,,"81 (62, 94)",,,,,,,,,,,"0.14692112681172986 (0.02744375059972877, 0.26639850302373097)","6.806373063565165 (3.753774847266763, 36.4381681857247)",,M10713 for NHBA,Yes,
2015McQuaid,,UK,5 y,Infants,"Catch-up (60, 62 m)",2,Titers,4CMenB/Bexsero,hSBA,"33 (20, 48)",,"92 (79, 98)",,,,,,,,,,,,,,,,,,,,44/76-SL for fHbp,Yes,
2015McQuaid,,UK,5 y,Infants,"Catch-up (60, 62 m)",2,Titers,4CMenB/Bexsero,hSBA,"2 (0.055, 12)",,"100 (91, 100)",,,,,,,,,,,,,,,,,,,,5/99 for NadA,Yes,
2015McQuaid,,UK,5 y,Infants,"Catch-up (60, 62 m)",2,Titers,4CMenB/Bexsero,hSBA,"2 (0.055, 12)",,"100 (91, 100)",,,,,,,,,,,,,,,,,,,,NZ98/254 for PorA,Yes,
2015McQuaid,,UK,5 y,Infants,"Catch-up (60, 62 m)",2,Titers,4CMenB/Bexsero,hSBA,"83 (69, 92)",,"100 (91, 100)",,,,,,,,,,,,,,,,,,,,M10713 for NHBA,Yes,
2016Read,,UK,18-24 y,Adolescents,"Catch-up (0,1 m)",2,Titers,4CMenB/Bexsero,hSBA,"66.5 (62, 71)",,"100 (98, 100)","99 (97, 100)","100 (98, 100)",,"95 (90, 98)",,,,,,,,,,,,,"0.014692608528655837 (0.013736282550336347, 0.015648934506975326)","68.06143361470788 (63.90211420172165, 72.79990028856199)",,44/76-SL for fHbp,Yes,"Two doses: first on day 1, second after 1m. Months calculated from administration of second dose"
2016Read,,UK,18-24 y,Adolescents,"Catch-up (0,1 m)",2,Titers,4CMenB/Bexsero,hSBA,"52.5 (45, 60)",,"100 (98, 100)","99 (97, 100)","99 (97, 100)",,"97 (94, 99)",,,,,,,,,,,,,"0.030148181893733823 (0.03010743695650461, 0.030188926830963036)","33.16949604207629 (33.124728334972076, 33.214384919070746)",,5/99 for NadA,Yes,
2016Read,,UK,18-24 y,Adolescents,"Catch-up (0,1 m)",2,Titers,4CMenB/Bexsero,hSBA,"47.5 (38, 57)",,"99 (97, 100)","93 (88, 96)","91 (85, 94)",,"85 (78, 89)",,,,,,,,,,,,,"0.19391726125016392 (0.19246036896641516, 0.1953741535339127)","5.156838507067945 (5.118384299622426, 5.195874898143329)",,NZ98/254 for PorA,Yes,
2016Snape,,"Belgium, United Kingdom, Czech Republic, Germany, Italy, Spain",6 m,Infants,"Primary (2,4,6 m Con) ",3,Titers,4CMenB/Bexsero,,,,"100 (97, 100)",,,,,"73 (65, 79)","28 (20, 37)",,,,"13 (7, 20)",,,,,,,"0.3926688145643096 (0.1807981177045464, 0.8528230265279075)","2.546675373519443 (1.1725762190911906, 5.531031034483241)",,44/76-SL for fHbp,Yes,
2016Snape,,"Belgium, United Kingdom, Czech Republic, Germany, Italy, Spain",6 m,Infants,"Primary (2,4,6 m Con) ",3,Titers,4CMenB/Bexsero,,,,"100 (97, 100)",,,,,"96 (91, 98)","97 (92, 99)",,,,"86 (78, 92)",,,,,,,"0.035770689028468965 (0.03389264232547401, 0.03764873573146392)","27.95584952820243 (26.56131688279447, 29.504928839625794)",,5/99 for NadA,Yes,
2016Snape,,"Belgium, United Kingdom, Czech Republic, Germany, Italy, Spain",6 m,Infants,"Primary (2,4,6 m Con) ",3,Titers,4CMenB/Bexsero,,,,"78 (68, 85)",,,,,"20 (14, 27)","8 (4, 14)",,,,"7 (3, 13)",,,,,,,"1.5707469150085167 (1.422228872657061, 1.7192649573599723)","0.6366397988402721 (0.5816439145805403, 0.7031217121417052)",,NZ98/254 for PorA,Yes,
2016Snape,,"Belgium, United Kingdom, Czech Republic, Germany, Italy, Spain",6 m,Infants,"Primary (2,4,6 m Int)",3,Titers,4CMenB/Bexsero,,,,"100 (96, 100)",,,,,"85 (78, 90)","41 (32, 51)",,,,"22 (15, 31)",,,,,,,"0.27962751688275744 (0.018138857265940223, 0.5411161764995747)","3.576185960336948 (1.8480319817250668, 55.130264566209725)",,44/76-SL for fHbp,Yes,
2016Snape,,"Belgium, United Kingdom, Czech Republic, Germany, Italy, Spain",6 m,Infants,"Primary (2,4,6 m Int)",3,Titers,4CMenB/Bexsero,,,,"100 (96, 100)",,,,,"99 (95, 100)","96 (91, 99)",,,,"94 (88, 98)",,,,,,,"0.022100489704478865 (0.021873117984944707, 0.022327861424013024)","45.24786615010349 (44.78709272731899, 45.718219080073595)",,5/99 for NadA,Yes,
2016Snape,,"Belgium, United Kingdom, Czech Republic, Germany, Italy, Spain",6 m,Infants,"Primary (2,4,6 m Int)",3,Titers,4CMenB/Bexsero,,,,"89 (81, 94)",,,,,"35 (27, 43)","13 (7, 20)",,,,"8 (3, 14)",,,,,,,"1.177089744423571 (1.1251602188049512, 1.229019270042191)","0.8495528949576456 (0.8136568924307193, 0.8887623142792183)",,NZ98/254 for PorA,Yes,
2016Snape,,"Belgium, United Kingdom, Czech Republic, Germany, Italy, Spain",4 m,Infants,"Primary (2,3,4 m Con)",3,Titers,4CMenB/Bexsero,,,,"36 (21, 53)",,,,,"26 (16, 38)",,,,,,,,,,,,"1.4128349517735963 (0.17920389148584898, 11.138723519911533)","0.7077967590939439 (0.08977689393334923, 5.580235963117833)",,M10713 for NHBA,Yes,
2016Snape,,"Belgium, United Kingdom, Czech Republic, Germany, Italy, Spain",4 m,Infants,"Primary (2,3,4 m Con)",3,Titers,4CMenB/Bexsero,,,,"42 (22, 63)",,,,,,"26 (15, 40)",,,,,,,,,,,"0.9234963461946121 (0.1454236479894041, 5.864558572323388)","1.0828413172619809 (0.17051581763021348, 6.876460698282457)",,M10713 for NHBA,Yes,
2016Snape,,"Belgium, United Kingdom, Czech Republic, Germany, Italy, Spain",4 m,Infants,"Primary (2,3,4 m Con)",3,Titers,4CMenB/Bexsero,,,,"98 (88, 100)",,,,,"57 (46, 67)","20 (10, 34)",,,,"15 (6, 28)",,,,,,,"0.6822028333384704 (0.4921706288173636, 0.8722350378595772)","1.4658397050424687 (1.146479969956208, 2.031815678239271)",,44/76-SL for fHbp,Yes,
2016Snape,,"Belgium, United Kingdom, Czech Republic, Germany, Italy, Spain",4 m,Infants,"Primary (2,3,4 m Con)",3,Titers,4CMenB/Bexsero,,,,"100 (92, 100)",,,,,"96 (89, 99)","94 (84, 99)",,,,"82 (68, 92)",,,,,,,"0.05261774997786062 (0.05022034207446257, 0.055015157881258665)","19.00499357005495 (18.176808692585023, 19.912249871123592)",,5/99 for NadA,Yes,
2016Snape,,"Belgium, United Kingdom, Czech Republic, Germany, Italy, Spain",4 m,Infants,"Primary (2,3,4 m Con)",3,Titers,4CMenB/Bexsero,,,,"81 (66, 91)",,,,,"18 (11, 28)","2 (0, 10)",,,,"13 (5, 25)",,,,,,,"1.366805751949953 (0.47334749781677543, 2.2602640060831307)","0.7316328590023493 (0.4424261932715221, 2.112612836472799)",,NZ98/254 for PorA,Yes,
2016Snape,,"Belgium, United Kingdom, Czech Republic, Germany, Italy, Spain",4 m,Infants,"Primary (2,3,4 m Con)",3,Titers,4CMenB/Bexsero,,,,"25 (9, 49)",,,,,,,,,,"32 (18, 48)",,,,,,,"0.5790557595185616 (0.046810047671220864, 7.16311111209926)","1.7269494061010977 (0.13960414467268184, 21.362934877223097)",,M10713 for NHBA,Yes,
2017Iro,,"Czech Republic, Italy, Spain, UK",1 y,Infants,"Primary (2,4,6 m Con), booster (12 m)",3+1,Titers,4CMenB/Bexsero,,,,"97 (93, 99)",,,,,,,,,,,,,"12 (5, 22)",,,,"0.603588613782607 (0.2983371046955444, 1.2211662879138014)","1.6567575616331416 (0.8188892945189027, 3.351912934264441)",,44/76-SL for fHbp,Yes,From 2016Snape (1 m measurement: baseline post infant booster dose)
2017Iro,,"Czech Republic, Italy, Spain, UK",1 y,Infants,"Primary (2,4,6 m Int), booster (12 m)",3+1,Titers,4CMenB/Bexsero,,,,"100 (97, 100)",,,,,,,,,,,,,"20 (11, 32)",,,,"0.27535005483758207 (0.025739428559007873, 2.945584146332029)","3.6317406967282424 (0.3394912351240225, 38.85090135965882)",,44/76-SL for fHbp,Yes,From 2016Snape (1 m measurement: baseline post infant booster dose)
2017Iro,,"Czech Republic, Italy, Spain, UK",1 y,Infants,"Primary (2,3,4 m Con), booster (12 m)",3+1,Titers,4CMenB/Bexsero,,,,"100 (94, 100)",,,,,,,,,,,,,"12 (4, 26)",,,,"0.41424657971322676 (0.03992083227004791, 4.298513308622981)","2.4140211385505626 (0.23263857250225606, 25.049577955575018)",,44/76-SL for fHbp,Yes,From 2016Snape (1 m measurement: baseline post infant booster dose)
2017Iro,,"Czech Republic, Italy, Spain, UK",1 y,Infants,"Primary (2,4,6 m Con), booster (12 m)",3+1,Titers,4CMenB/Bexsero,,,,"100 (97, 100)",,,,,,,,,,,,,"93 (83, 98)",,,,"0.023647445725950584 (0.02353107648895781, 0.023763814962943358)","42.28786531911162 (42.08078549506351, 42.49699330454601)",,5/99 for NadA,Yes,From 2016Snape (1 m measurement: baseline post infant booster dose)
2017Iro,,"Czech Republic, Italy, Spain, UK",1 y,Infants,"Primary (2,4,6 m Int), booster (12 m)",3+1,Titers,4CMenB/Bexsero,,,,"100 (97, 100)",,,,,,,,,,,,,"97 (89, 100)",,,,"0.01003967836029318 (0.01002743426310848, 0.010051922457477882)","99.60478454718124 (99.48345744112605, 99.7264079485476)",,5/99 for NadA,Yes,From 2016Snape (1 m measurement: baseline post infant booster dose)
2017Iro,,"Czech Republic, Italy, Spain, UK",1 y,Infants,"Primary (2,3,4 m Con), booster (12 m)",3+1,Titers,4CMenB/Bexsero,,,,"100 (94, 100)",,,,,,,,,,,,,"90 (77, 97)",,,,"0.03474679753261267 (0.034604708713942556, 0.03488888635128279)","28.779630671327894 (28.662422466896317, 28.89780140230138)",,5/99 for NadA,Yes,From 2016Snape (1 m measurement: baseline post infant booster dose)
2017Iro,,"Czech Republic, Italy, Spain, UK",1 y,Infants,"Primary (2,4,6 m Con), booster (12 m)",3+1,Titers,4CMenB/Bexsero,,,,"95 (89, 98)",,,,,,,,,,,,,"9 (2, 18)",,,,"0.7490466508731705 (0.5757743031651026, 0.9223189985812383)","1.3350303333367701 (1.0842235729050955, 1.7367916464886959)",,NZ98/254 for PorA,Yes,From 2016Snape (1 m measurement: baseline post infant booster dose)
2017Iro,,"Czech Republic, Italy, Spain, UK",1 y,Infants,"Primary (2,4,6 m Int), booster (12 m)",3+1,Titers,4CMenB/Bexsero,,,,"96 (90, 99)",,,,,,,,,,,,,"9 (3, 19)",,,,"0.7324454796170901 (0.38161976085819554, 1.0832711983759846)","1.365289332555896 (0.9231298695092948, 2.620409377520641)",,NZ98/254 for PorA,Yes,From 2016Snape (1 m measurement: baseline post infant booster dose)
2017Iro,,"Czech Republic, Italy, Spain, UK",1 y,Infants,"Primary (2,3,4 m Con), booster (12 m)",3+1,Titers,4CMenB/Bexsero,,,,"97 (89, 100)",,,,,,,,,,,,,"10 (3, 23)",,,,"0.6908376042122963 (0.22588769535128955, 1.155787513073303)","1.4475181922677984 (0.8652109394580191, 4.426978629556818)",,NZ98/254 for PorA,Yes,From 2016Snape (1 m measurement: baseline post infant booster dose)
2017Iro,,"Czech Republic, Italy, Spain, UK",1 y,Infants,"Primary (2,4,6 m Con), booster (12 m)",3+1,Titers,4CMenB/Bexsero,,,,,,,,,,,,,,,,,"54 (41, 66)",,,,,,,M10713 for NHBA,Yes,No 1 m measurement from 2016Snape
2017Iro,,"Czech Republic, Italy, Spain, UK",1 y,Infants,"Primary (2,4,6 m Int), booster (12 m)",3+1,Titers,4CMenB/Bexsero,,,,,,,,,,,,,,,,,"55 (42, 68)",,,,,,,M10713 for NHBA,Yes,No 1 m measurement from 2016Snape
2017Iro,,"Czech Republic, Italy, Spain, UK",1 y,Infants,"Primary (2,3,4 m Con), booster (12 m)",3+1,Titers,4CMenB/Bexsero,,,,"76 (62, 87)",,,,,,,,,,,,,"68 (51, 81)",,,,"0.13310128895081663 (0.03312949731010501, 0.5347486246030404)","7.513075251807053 (1.870037535379038, 30.184581149529983)",,M10713 for NHBA,Yes,From 2016Snape (1 m measurement: baseline post infant booster dose)
2017Iro,,"Czech Republic, Italy, Spain, UK",1.5 y,Infants,"Primary (2,4,6 m Con), booster (18 m)",3+1,Titers,4CMenB/Bexsero,,,,"100 (96, 100)",,,,,,,,,,,,"18 (10, 30)",,,,,"0.3800646046406987 (0.03908871979658987, 3.695416592110864)","2.6311316228601953 (0.2706054852204873, 25.582828120332575)",,44/76-SL for fHbp,Yes,From 2016Snape (1 m measurement: baseline post infant booster dose)
2017Iro,,"Czech Republic, Italy, Spain, UK",1.5 y,Infants,"Primary (2,4,6 m Int), booster (18 m)",3+1,Titers,4CMenB/Bexsero,,,,"99 (94, 100)",,,,,,,,,,,,"27 (17, 40)",,,,,"0.4530856938396003 (0.1049365941704376, 0.8012347935087629)","2.2070880047561516 (1.2480736085121886, 9.529564094445488)",,44/76-SL for fHbp,Yes,From 2016Snape (1 m measurement: baseline post infant booster dose)
2017Iro,,"Czech Republic, Italy, Spain, UK",1.5 y,Infants,"Primary (2,3,4 m Con), booster (18 m)",3+1,Titers,4CMenB/Bexsero,,,,"98 (88, 100)",,,,,,,,,,,,"25 (11, 45)",,,,,"0.5174115101102295 (0.3947699904300233, 0.6400530297904357)","1.932697631305032 (1.5623705434648394, 2.5331206126147)",,44/76-SL for fHbp,Yes,From 2016Snape (1 m measurement: baseline post infant booster dose)
2017Iro,,"Czech Republic, Italy, Spain, UK",1.5 y,Infants,"Primary (2,4,6 m Con), booster (18 m)",3+1,Titers,4CMenB/Bexsero,,,,"100 (96, 100)",,,,,,,,,,,,"98 (91, 100)",,,,,"0.008033439827159317 (0.008028094795012892, 0.008038784859305741)","124.47967763687194 (124.39691041642874, 124.56255506863309)",,5/99 for NadA,Yes,From 2016Snape (1 m measurement: baseline post infant booster dose)
2017Iro,,"Czech Republic, Italy, Spain, UK",1.5 y,Infants,"Primary (2,4,6 m Int), booster (18 m)",3+1,Titers,4CMenB/Bexsero,,,,"100 (96, 100)",,,,,,,,,,,,"100 (94, 100)",,,,,,,,5/99 for NadA,Yes,From 2016Snape (1 m measurement: baseline post infant booster dose)
2017Iro,,"Czech Republic, Italy, Spain, UK",1.5 y,Infants,"Primary (2,3,4 m Con), booster (18 m)",3+1,Titers,4CMenB/Bexsero,,,,"100 (92, 100)",,,,,,,,,,,,"89 (72, 98)",,,,,"0.04591604847366475 (0.045613690180935126, 0.04621840676639437)","21.778877609068477 (21.63640138125888, 21.923242693877985)",,5/99 for NadA,Yes,From 2016Snape (1 m measurement: baseline post infant booster dose)
2017Iro,,"Czech Republic, Italy, Spain, UK",1.5 y,Infants,"Primary (2,4,6 m Con), booster (18 m)",3+1,Titers,4CMenB/Bexsero,,,,"77 (67, 86)",,,,,,,,,,,,"8 (3, 18)",,,,,"1.1253842747597191 (0.400682727113083, 3.160829454769641)","0.8885853680632867 (0.3163726529095127, 2.4957402262009016)",,NZ98/254 for PorA,Yes,From 2016Snape (1 m measurement: baseline post infant booster dose)
2017Iro,,"Czech Republic, Italy, Spain, UK",1.5 y,Infants,"Primary (2,4,6 m Int), booster (18 m)",3+1,Titers,4CMenB/Bexsero,,,,"86 (76, 93)",,,,,,,,,,,,"11 (5, 22)",,,,,"0.9352594363589165 (0.5279798163672911, 1.342539056350542)","1.0692220373558878 (0.744857287592307, 1.8940117955273243)",,NZ98/254 for PorA,Yes,From 2016Snape (1 m measurement: baseline post infant booster dose)
2017Iro,,"Czech Republic, Italy, Spain, UK",1.5 y,Infants,"Primary (2,3,4 m Con), booster (18 m)",3+1,Titers,4CMenB/Bexsero,,,,"80 (65, 91)",,,,,,,,,,,,"11 (2, 28)",,,,,"0.9977414935057645 (0.3580589024031829, 2.7802355455532566)","1.002263618892204 (0.35968175487843557, 2.792836578809528)",,NZ98/254 for PorA,Yes,From 2016Snape (1 m measurement: baseline post infant booster dose)
2017Iro,,"Czech Republic, Italy, Spain, UK",1.5 y,Infants,"Primary (2,4,6 m Con), booster (18 m)",3+1,Titers,4CMenB/Bexsero,,,,,,,,,,,,,,,,"68 (54, 79)",,,,,,,,M10713 for NHBA,Yes,No 1 m measurement from 2016Snape
2017Iro,,"Czech Republic, Italy, Spain, UK",1.5 y,Infants,"Primary (2,4,6 m Int), booster (18 m)",3+1,Titers,4CMenB/Bexsero,,,,,,,,,,,,,,,,"53 (40, 66)",,,,,,,,M10713 for NHBA,Yes,No 1 m measurement from 2016Snape
2017Iro,,"Czech Republic, Italy, Spain, UK",1.5 y,Infants,"Primary (2,3,4 m Con), booster (18 m)",3+1,Titers,4CMenB/Bexsero,,,,"74 (57, 87)",,,,,,,,,,,,"75 (55, 89)",,,,,"0.1201011915076936 (0.02361693489774797, 0.6107607216609275)","8.32631206607089 (1.6373024075296776, 42.34249720929521)",,M10713 for NHBA,Yes,From 2016Snape (1 m measurement: baseline post infant booster dose)
2017Iro,,"Czech Republic, Italy, Spain, UK",2 y,Infants,"Primary (2,4,6 m Con), booster (24 m)",3+1,Titers,4CMenB/Bexsero,,,,"100 (95, 100)",,,,,,,,,,"24 (14, 37)",,,,,,,"0.43958533324129323 (0.06753749448865068, 2.861155372492105)","2.2748711669392505 (0.34950915620111417, 14.806590140355958)",,44/76-SL for fHbp,Yes,From 2016Snape (1 m measurement: baseline post infant booster dose)
2017Iro,,"Czech Republic, Italy, Spain, UK",2 y,Infants,"Primary (2,4,6 m Int), booster (24 m)",3+1,Titers,4CMenB/Bexsero,,,,"100 (95, 100)",,,,,,,,,,"35 (23, 49)",,,,,,,"0.381070904244026 (0.11691439243037705, 1.2420629406070405)","2.6241835544590173 (0.8051121785432744, 8.553266875124068)",,44/76-SL for fHbp,Yes,From 2016Snape (1 m measurement: baseline post infant booster dose)
2017Iro,,"Czech Republic, Italy, Spain, UK",2 y,Infants,"Primary (2,3,4 m Con), booster (24 m)",3+1,Titers,4CMenB/Bexsero,,,,"100 (91, 100)",,,,,,,,,,"21 (8, 41)",,,,,,,"0.512955937908674 (0.08663337371520088, 3.037210522364768)","1.9494851820548351 (0.3292494848929344, 11.54289573539415)",,44/76-SL for fHbp,Yes,From 2016Snape (1 m measurement: baseline post infant booster dose)
2017Iro,,"Czech Republic, Italy, Spain, UK",2 y,Infants,"Primary (2,4,6 m Con), booster (24 m)",3+1,Titers,4CMenB/Bexsero,,,,"100 (95, 100)",,,,,,,,,,"97 (88, 100)",,,,,,,"0.015067135759877406 (0.015041352062913725, 0.015092919456841087)","66.36961503080904 (66.25623378297003, 66.48338499207269)",,5/99 for NadA,Yes,From 2016Snape (1 m measurement: baseline post infant booster dose)
2017Iro,,"Czech Republic, Italy, Spain, UK",2 y,Infants,"Primary (2,4,6 m Int), booster (24 m)",3+1,Titers,4CMenB/Bexsero,,,,"100 (95, 100)",,,,,,,,,,"100 (93, 100)",,,,,,,,,,5/99 for NadA,Yes,From 2016Snape (1 m measurement: baseline post infant booster dose)
2017Iro,,"Czech Republic, Italy, Spain, UK",2 y,Infants,"Primary (2,3,4 m Con), booster (24 m)",3+1,Titers,4CMenB/Bexsero,,,,"100 (90, 100)",,,,,,,,,,"96 (82, 100)",,,,,,,"0.020286050157239246 (0.02025148109286946, 0.02032061922160903)","49.29495846894284 (49.21109879056224, 49.37910444249432)",,5/99 for NadA,Yes,From 2016Snape (1 m measurement: baseline post infant booster dose)
2017Iro,,"Czech Republic, Italy, Spain, UK",2 y,Infants,"Primary (2,4,6 m Con), booster (24 m)",3+1,Titers,4CMenB/Bexsero,,,,"84 (74, 92)",,,,,,,,,,"12 (5, 23)",,,,,,,"1.1412441245103186 (0.5040964187015692, 1.7783918303190682)","0.876236712656967 (0.562305777023608, 1.9837474794519645)",,NZ98/254 for PorA,Yes,From 2016Snape (1 m measurement: baseline post infant booster dose)
2017Iro,,"Czech Republic, Italy, Spain, UK",2 y,Infants,"Primary (2,4,6 m Int), booster (24 m)",3+1,Titers,4CMenB/Bexsero,,,,"89 (80, 96)",,,,,,,,,,"9 (3, 20)",,,,,,,"1.2347376884426122 (1.177914381416574, 1.2915609954686504)","0.809888617930915 (0.7742568903121329, 0.8489581380247586)",,NZ98/254 for PorA,Yes,From 2016Snape (1 m measurement: baseline post infant booster dose)
2017Iro,,"Czech Republic, Italy, Spain, UK",2 y,Infants,"Primary (2,3,4 m Con), booster (24 m)",3+1,Titers,4CMenB/Bexsero,,,,"96 (83, 100)",,,,,,,,,,"11 (2, 28)",,,,,,,"0.9450956035704808 (0.4388806985787163, 2.03519020722678)","1.0580940131581351 (0.49135456550895773, 2.278523533248166)",,NZ98/254 for PorA,Yes,From 2016Snape (1 m measurement: baseline post infant booster dose)
2017Iro,,"Czech Republic, Italy, Spain, UK",2 y,Infants,"Primary (2,4,6 m Con), booster (24 m)",3+1,Titers,4CMenB/Bexsero,,,,,,,,,,,,,,"74 (61, 85)",,,,,,,,,,M10713 for NHBA,Yes,No 1 m measurement from 2016Snape
2017Iro,,"Czech Republic, Italy, Spain, UK",2 y,Infants,"Primary (2,4,6 m Int), booster (24 m)",3+1,Titers,4CMenB/Bexsero,,,,,,,,,,,,,,"80 (66, 89)",,,,,,,,,,M10713 for NHBA,Yes,No 1 m measurement from 2016Snape
2017Iro,,"Czech Republic, Italy, Spain, UK",2 y,Infants,"Primary (2,3,4 m Con), booster (24 m)",3+1,Titers,4CMenB/Bexsero,,,,"95 (81, 100)",,,,,,,,,,"75 (55, 89)",,,,,,,"0.1480748304404188 (0.12554176353003077, 0.17060789735080684)","6.753342192090993 (5.861393379368501, 7.965476761530362)",,M10713 for NHBA,Yes,From 2016Snape (1 m measurement: baseline post infant booster dose)
2017Iro,,"Czech Republic, Italy, Spain, UK",2 y,Infants,"Primary (2,4,6 m Con), booster (24 m)",3+1,Titers,4CMenB/Bexsero,,,,"100 (95, 100)",,,,,,,,,,"24 (14, 37)",,"18 (10, 30)","12 (5, 22)",,,,"0.5863704339353695 (0.44621057974248024, 0.7265302881282587)","1.705406586223311 (1.376405108417812, 2.2410943294467067)",,44/76-SL for fHbp,No,From 2016Snape (1 m measurement: baseline post infant booster dose)
2017Iro,,"Czech Republic, Italy, Spain, UK",2 y,Infants,"Primary (2,4,6 m Int), booster (24 m)",3+1,Titers,4CMenB/Bexsero,,,,"100 (95, 100)",,,,,,,,,,"35 (23, 49)",,"27 (17, 40)","20 (11, 32)",,,,"0.4748660647691963 (0.43318670878203946, 0.5165454207563531)","2.1058569440754615 (1.9359381766191, 2.308473412796135)",,44/76-SL for fHbp,No,From 2016Snape (1 m measurement: baseline post infant booster dose)
2017Iro,,"Czech Republic, Italy, Spain, UK",2 y,Infants,"Primary (2,3,4 m Con), booster (24 m)",3+1,Titers,4CMenB/Bexsero,,,,"100 (91, 100)",,,,,,,,,,"21 (8, 41)",,"25 (11, 45)","12 (4, 26)",,,,"0.591577491903055 (0.4731804627385398, 0.7099745210675701)","1.6903956179655926 (1.4085012494481157, 2.1133585994072606)",,44/76-SL for fHbp,No,From 2016Snape (1 m measurement: baseline post infant booster dose)
2017Iro,,"Czech Republic, Italy, Spain, UK",2 y,Infants,"Primary (2,4,6 m Con), booster (24 m)",3+1,Titers,4CMenB/Bexsero,,,,"100 (95, 100)",,,,,,,,,,"97 (88, 100)",,"98 (91, 100)","93 (83, 98)",,,,"0.01355182900069589 (0.013299846102313806, 0.013803811899077973)","73.7907776100665 (72.44375737015042, 75.1888399540223)",,5/99 for NadA,No,From 2016Snape (1 m measurement: baseline post infant booster dose)
2017Iro,,"Czech Republic, Italy, Spain, UK",2 y,Infants,"Primary (2,4,6 m Int), booster (24 m)",3+1,Titers,4CMenB/Bexsero,,,,"100 (95, 100)",,,,,,,,,,"100 (93, 100)",,"100 (94, 100)","97 (89, 100)",,,,"0.0022008483192306784 (0.002090449873696881, 0.0023112467647644756)","454.3702495361229 (432.666911748778, 478.3659309809414)",,5/99 for NadA,No,From 2016Snape (1 m measurement: baseline post infant booster dose)
2017Iro,,"Czech Republic, Italy, Spain, UK",2 y,Infants,"Primary (2,3,4 m Con), booster (24 m)",3+1,Titers,4CMenB/Bexsero,,,,"100 (90, 100)",,,,,,,,,,"96 (82, 100)",,"89 (72, 98)","90 (77, 97)",,,,"0.03286271535632557 (0.03243347851358793, 0.0332919521990632)","30.42962181174464 (30.03728931306524, 30.832338861866212)",,5/99 for NadA,No,From 2016Snape (1 m measurement: baseline post infant booster dose)
2017Iro,,"Czech Republic, Italy, Spain, UK",2 y,Infants,"Primary (2,4,6 m Con), booster (24 m)",3+1,Titers,4CMenB/Bexsero,,,,"84 (74, 92)",,,,,,,,,,"12 (5, 23)",,"8 (3, 18)","9 (2, 18)",,,,"0.9850967555410686 (0.8556576332780327, 1.1145358778041043)","1.0151287113424161 (0.8972344631652713, 1.168691730323249)",,NZ98/254 for PorA,No,From 2016Snape (1 m measurement: baseline post infant booster dose)
2017Iro,,"Czech Republic, Italy, Spain, UK",2 y,Infants,"Primary (2,4,6 m Int), booster (24 m)",3+1,Titers,4CMenB/Bexsero,,,,"89 (80, 96)",,,,,,,,,,"9 (3, 20)",,"11 (5, 22)","9 (3, 19)",,,,"0.9199939066216896 (0.8041720273495285, 1.0358157858938506)","1.0869637209577843 (0.9654226297942123, 1.2435150266242176)",,NZ98/254 for PorA,No,From 2016Snape (1 m measurement: baseline post infant booster dose)
2017Iro,,"Czech Republic, Italy, Spain, UK",2 y,Infants,"Primary (2,3,4 m Con), booster (24 m)",3+1,Titers,4CMenB/Bexsero,,,,"96 (83, 100)",,,,,,,,,,"11 (2, 28)",,"11 (2, 28)","10 (3, 23)",,,,"0.8302833798837783 (0.7410437618622223, 0.9195229979053343)","1.2044080662435737 (1.087520379890434, 1.3494479698297814)",,NZ98/254 for PorA,No,From 2016Snape (1 m measurement: baseline post infant booster dose)
2017Iro,,"Czech Republic, Italy, Spain, UK",2 y,Infants,"Primary (2,4,6 m Con), booster (24 m)",3+1,Titers,4CMenB/Bexsero,,,,,,,,,,,,,,"74 (61, 85)",,"68 (54, 79)","54 (41, 66)",,,,"0.1701626939003703 (0.16374797896767032, 0.1765774088330703)","5.876728776905099 (5.6632386136403365, 6.106945602042732)",,M10713 for NHBA,No,No 1 m measurement from 2016Snape
2017Iro,,"Czech Republic, Italy, Spain, UK",2 y,Infants,"Primary (2,4,6 m Int), booster (24 m)",3+1,Titers,4CMenB/Bexsero,,,,,,,,,,,,,,"80 (66, 89)",,"53 (40, 66)","55 (42, 68)",,,,"0.17565092751356617 (0.14542321772769598, 0.20587863729943637)","5.693109704318335 (4.857230517538197, 6.876481043573754)",,M10713 for NHBA,No,No 1 m measurement from 2016Snape
2017Iro,,"Czech Republic, Italy, Spain, UK",2 y,Infants,"Primary (2,3,4 m Con), booster (24 m)",3+1,Titers,4CMenB/Bexsero,,,,"95 (81, 100)",,,,,,,,,,"75 (55, 89)",,"75 (55, 89)","68 (51, 81)",,,,"0.12828111755594496 (0.12679077167897182, 0.1297714634329181)","7.795379546517342 (7.705854380820198, 7.887009336388868)",,M10713 for NHBA,No,From 2016Snape (1 m measurement: baseline post infant booster dose)
2017Iro,,"Czech Republic, Italy, Spain, UK",4 y,Infants,,0,Titers,4CMenB/Bexsero,,"5 (2, 8)",,,,,,,,,,,,,,,,,,,,,,5/99 for NadA,No,
2017Iro,,"Czech Republic, Italy, Spain, UK",4 y,Infants,,0,Titers,4CMenB/Bexsero,,"0 (0.01, 3)",,,,,,,,,,,,,,,,,,,,,,44/76-SL for fHbp,No,
2017Iro,,"Czech Republic, Italy, Spain, UK",4 y,Infants,,0,Titers,4CMenB/Bexsero,,"0 (0.01, 3)",,,,,,,,,,,,,,,,,,,,,,NZ98/254 for PorA,No,
2017Iro,,"Czech Republic, Italy, Spain, UK",4 y,Infants,,0,Titers,4CMenB/Bexsero,,"60 (53, 67)",,,,,,,,,,,,,,,,,,,,,,M10713 for NHBA,No,
2018Nolan,,"Australia, Canada",11-17 y,Adolescents,"Catch-up (0,1 m)",2,Titers,4CMenB/Bexsero,hSBA,,,"99.0  (95.1, 99.83)",,,,,,,,,,,,,,"30.0  (22.5, 38.0)",,,"0.2923060372852486 (0.2738647718741459, 0.31074730269635137)","3.4210720014111233 (3.218048849734204, 3.651437142340996)",,44/76-SL for fHbp,Yes,primed_4y
2018Nolan,,"Australia, Canada",11-17 y,Adolescents,"Catch-up (0,1 m)",2,Titers,4CMenB/Bexsero,hSBA,,,"100  (97.3, 100)",,,,,,,,,,,,,,"84.0  (77.0, 90.0)",,,"0.04298232457891027 (0.04270184786522696, 0.04326280129259358)","23.265377333515847 (23.114545755759835, 23.41819031242256)",,5/99 for NadA,Yes,primed_4y
2018Nolan,,"Australia, Canada",11-17 y,Adolescents,"Catch-up (0,1 m)",2,Titers,4CMenB/Bexsero,hSBA,,,"70.0  (61.7, 77.4)",,,,,,,,,,,,,,"75.0  (66.9, 81.7)",,,"0.07333951423715176 (0.012882028069672199, 0.4175339720928162)","13.63521439160866 (2.395014697816502, 77.62752841334606)",,M10713 for NHBA,Yes,primed_4y
2018Nolan,,"Australia, Canada",11-17 y,Adolescents,"Catch-up (0,1 m)",2,Titers,4CMenB/Bexsero,hSBA,,,"82.0  (74.7, 87.9)",,,,,,,,,,,,,,"9.0  (4.9, 14.9)",,,"0.6373460717003725 (0.31803245679383785, 1.2772596206280258)","1.569006297210093 (0.7829261834084305, 3.144333160461803)",,NZ98/254 for PorA,Yes,primed_4y
2018Nolan,,Chile,11-17 y,Adolescents,"Catch-up (0,1/2/6 m)",2,Titers,4CMenB/Bexsero,hSBA,,,"100  (97.2, 100)",,,,,,,,,,,,,,,"44.0  (35.6, 53.2)",,"0.1068253078453917 (0.10219588491220832, 0.11145473077857507)","9.361077633844035 (8.972252617851462, 9.785129810843685)",,44/76-SL for fHbp,Yes,primed_7.5y
2018Nolan,,Chile,11-17 y,Adolescents,"Catch-up (0,1/2/6 m)",2,Titers,4CMenB/Bexsero,hSBA,,,"100  (97.0, 100)",,,,,,,,,,,,,,,"84.0  (76.4, 90.2)",,"0.023162138243774704 (0.023125902793781117, 0.02319837369376829)","43.173906893884045 (43.10647001382804, 43.24155510456068)",,5/99 for NadA,Yes,primed_7.5y
2018Nolan,,Chile,11-17 y,Adolescents,"Catch-up (0,1/2/6 m)",2,Titers,4CMenB/Bexsero,hSBA,,,"98.0  (94.6, 99.81)",,,,,,,,,,,,,,,"81.0  (73.1, 87.3)",,"0.028385883955165926 (0.026587810815249895, 0.030183957095081957)","35.228777852380766 (33.13018226370775, 37.61121992888684)",,M10713 for NHBA,Yes,primed_7.5y
2018Nolan,,Chile,11-17 y,Adolescents,"Catch-up (0,1/2/6 m)",2,Titers,4CMenB/Bexsero,hSBA,,,"99.0  (95.8, 99.98)",,,,,,,,,,,,,,,"29.0  (21.1, 37.3)",,"0.1640944277843832 (0.1634366706502379, 0.16475218491852853)","6.094052147303746 (6.069722234606535, 6.11857789332999)",,NZ98/254 for PorA,Yes,primed_7.5y
2019Vesikari,,"Czech Republic, Denmark, Finland, Germany, Poland, Spain, Sweden",11-18 y,Adolescents,"Catch-up (0,1,6 m)",3,Titers,MenB-fHbp/Trumenba,hSBA,"27.2 (22.7, 32.2)",,"91 (83.6, 95.8)",,,,,"41.4 (31.6, 51.8)","37.1 (27.5, 47.5)",,,,"34.7 (25.4, 45.0)",,,"41.7 (31.7, 52.2)","41.1 (30.8, 52.0)",,,"0.3284455618963503 (0.24374632734003115, 0.4131447964526695)","3.04464458044824 (2.420458901058824, 4.102625918153751)",,Variant A22,Yes,
2019Vesikari,,"Czech Republic, Denmark, Finland, Germany, Poland, Spain, Sweden",11-18 y,Adolescents,"Catch-up (0,1,6 m)",3,Titers,MenB-fHbp/Trumenba,hSBA,"20.9 (16.7, 25.5)",,"100 (96.4, 100.0)",,,,,"73.5 (63.6, 81.9)","64.9 (54.4, 74.5)",,,,"69.2 (58.7, 78.5)",,,"58.5 (47.9, 68.6)","47.1 (36.1, 58.2)",,,"0.1982531984836854 (0.19317979981519234, 0.20332659715217843)","5.044054812978423 (4.918195720609816, 5.17652467264518)",,Variant A56,Yes,
2019Vesikari,,"Czech Republic, Denmark, Finland, Germany, Poland, Spain, Sweden",11-18 y,Adolescents,"Catch-up (0,1,6 m)",3,Titers,MenB-fHbp/Trumenba,hSBA,"16.3 (12.6, 20.5)",,"90 (82.4, 95.1)",,,,,"40.8 (31.0, 51.2)","45.8 (35.6, 56.3)",,,,"43 (32.8, 53.7)",,,"41.9 (31.8, 52.6)","41.1 (30.8, 52.0)",,,"0.31735806000569133 (0.2562562217823958, 0.37845989822898685)","3.151014976528614 (2.6422878743019447, 3.9023442749779025)",,Variant B24,Yes,
2019Vesikari,,"Czech Republic, Denmark, Finland, Germany, Poland, Spain, Sweden",11-18 y,Adolescents,"Catch-up (0,1,6 m)",3,Titers,MenB-fHbp/Trumenba,hSBA,"5.2 (3.2, 8.1)",,"88.9 (81.0, 94.3)",,,,,"24 (16.0, 33.6)","26.5 (18.1, 36.4)",,,,"23.7 (15.7, 33.4)",,,"21.6 (13.9, 31.2)","20.7 (12.9, 30.4)",,,"0.5631678307372232 (0.4074421885638879, 0.7188934729105585)","1.775669605792176 (1.3910266787530223, 2.454335923151948)",,Variant B44,Yes,
2019Vesikari,,"Czech Republic, Denmark, Finland, Germany, Poland, Spain, Sweden",11-18 y,Adolescents,"Catch-up (0,2,6 m)",3,Titers,MenB-fHbp/Trumenba,hSBA,"20.5 (16.4, 25.1)",,"92 (85.4, 96.3)",,,,,"45 (35.6, 54.8)","44.6 (35.2, 54.3)",,,,"40.2 (30.8, 50.1)",,,"39.2 (29.7, 49.4)","43 (33.1, 53.3)",,,"0.31891862227791945 (0.25879404547677487, 0.37904319907906403)","3.135596136899641 (2.6382217183414274, 3.864076540701334)",,Variant A22,Yes,
2019Vesikari,,"Czech Republic, Denmark, Finland, Germany, Poland, Spain, Sweden",11-18 y,Adolescents,"Catch-up (0,2,6 m)",3,Titers,MenB-fHbp/Trumenba,hSBA,"18.7 (14.7, 23.2)",,"99.1 (95.1, 100.0)",,,,,"76.1 (67.0, 83.8)","72.6 (63.1, 80.9)",,,,"68.6 (58.7, 77.5)",,,"67.4 (56.8, 76.8)","58.6 (48.2, 68.4)",,,"0.15787221038482768 (0.1536507810083528, 0.16209363976130256)","6.334237023491406 (6.1692735228389575, 6.50826499831223)",,Variant A56,Yes,
2019Vesikari,,"Czech Republic, Denmark, Finland, Germany, Poland, Spain, Sweden",11-18 y,Adolescents,"Catch-up (0,2,6 m)",3,Titers,MenB-fHbp/Trumenba,hSBA,"13.8 (10.4, 17.8)",,"88.6 (81.3, 93.8)",,,,,"49.1 (39.3, 58.9)","46.8 (37.2, 56.6)",,,,"43 (33.5, 52.9)",,,"42 (32.2, 52.3)","40.8 (31.0, 51.2)",,,"0.31881941257692803 (0.27229807277147944, 0.3653407523823766)","3.1365718665537963 (2.737170691960939, 3.672446116940495)",,Variant B24,Yes,
2019Vesikari,,"Czech Republic, Denmark, Finland, Germany, Poland, Spain, Sweden",11-18 y,Adolescents,"Catch-up (0,2,6 m)",3,Titers,MenB-fHbp/Trumenba,hSBA,"6.2 (3.9, 9.2)",,"87.4 (79.7, 92.9)",,,,,"22.5 (15.1, 31.4)","18.2 (11.5, 26.7)",,,,"18.3 (11.6, 26.9)",,,"16.5 (9.9, 25.1)","18 (11.0, 26.9)",,,"0.6398755132371129 (0.41649259298460295, 0.8632584334896228)","1.5628039818886443 (1.1584016572622582, 2.4010030834737277)",,Variant B44,Yes,
2019Vesikari,,"Czech Republic, Denmark, Finland, Germany, Poland, Spain, Sweden",11-18 y,Adolescents,"Catch-up (0,6 m)",2,Titers,MenB-fHbp/Trumenba,hSBA,"22.8 (18.6, 27.5)",,"96.5 (91.3, 99.0)",,,,,"36.3 (27.4, 45.9)","47.7 (38.2, 57.4)",,,,"42.2 (32.8, 52.0)",,,"42.6 (33.1, 52.5)","39.6 (30.0, 49.8)",,,"0.3211236870918224 (0.25700333290525124, 0.3852440412783935)","3.1140648921175944 (2.5957572158198756, 3.891000123211116)",,Variant A22,Yes,
2019Vesikari,,"Czech Republic, Denmark, Finland, Germany, Poland, Spain, Sweden",11-18 y,Adolescents,"Catch-up (0,6 m)",2,Titers,MenB-fHbp/Trumenba,hSBA,"21.7 (17.5, 26.3)",,"99.1 (95.3, 100.0)",,,,,"60.4 (50.4, 69.7)","57.8 (47.7, 67.6)",,,,"53.8 (43.8, 63.7)",,,"58.6 (48.2, 68.4)","57.6 (47.2, 67.5)",,,"0.19786259568393444 (0.17286870093328538, 0.2228564904345835)","5.054012338933425 (4.487192623602481, 5.784737171050568)",,Variant A56,Yes,
2019Vesikari,,"Czech Republic, Denmark, Finland, Germany, Poland, Spain, Sweden",11-18 y,Adolescents,"Catch-up (0,6 m)",2,Titers,MenB-fHbp/Trumenba,hSBA,"13 (9.7, 16.9)",,"81.4 (73.0, 88.1)",,,,,"36.9 (27.6, 47.0)","31.4 (22.7, 41.2)",,,,"31.8 (23.3, 41.4)",,,"33.6 (24.8, 43.4)","30.5 (21.9, 40.2)",,,"0.4152968853065023 (0.3117556348452198, 0.5188381357677847)","2.407915964170953 (1.9273833804066551, 3.2076404986119313)",,Variant B24,Yes,
2019Vesikari,,"Czech Republic, Denmark, Finland, Germany, Poland, Spain, Sweden",11-18 y,Adolescents,"Catch-up (0,6 m)",2,Titers,MenB-fHbp/Trumenba,hSBA,"6.2 (4.0, 9.2)",,"77.9 (69.1, 85.1)",,,,,"16.5 (10.3, 24.6)","15.9 (9.7, 24.0)",,,,"15.7 (9.4, 24.0)",,,"20.2 (13.1, 28.9)","18.9 (11.9, 27.6)",,,"0.6012924020770537 (0.28297596178682766, 0.9196088423672797)","1.663084377161069 (1.08741886107334, 3.5338690738449476)",,Variant B44,Yes,
2019Vesikari,,"Czech Republic, Denmark, Finland, Germany, Poland, Spain, Sweden",11-18 y,Adolescents,"Catch-up (0,2 m)",2,Titers,MenB-fHbp/Trumenba,hSBA,"22.1 (17.0, 28.0)",,"83.7 (74.2, 90.8)",,,,,"44 (33.2, 55.3)","47.1 (36.1, 58.2)",,,,"44 (33.2, 55.3)",,,"42.7 (31.8, 54.1)","45.7 (34.6, 57.1)",,,"0.2906869174762853 (0.22966982598452634, 0.3517040089680442)","3.440127298063153 (2.843299975266588, 4.354076534491621)",,Variant A22,Yes,
2019Vesikari,,"Czech Republic, Denmark, Finland, Germany, Poland, Spain, Sweden",11-18 y,Adolescents,"Catch-up (0,2 m)",2,Titers,MenB-fHbp/Trumenba,hSBA,"19 (14.2, 24.7)",,"100 (95.8, 100.0)",,,,,"69 (58.0, 78.7)","62.7 (51.3, 73.0)",,,,"58.8 (47.2, 69.6)",,,"59.3 (47.8, 70.1)","61.3 (49.4, 72.4)",,,"0.17714132491296292 (0.1613110247909681, 0.19297162503495774)","5.645210119611235 (5.182109026748597, 6.199204309165053)",,Variant A56,Yes,
2019Vesikari,,"Czech Republic, Denmark, Finland, Germany, Poland, Spain, Sweden",11-18 y,Adolescents,"Catch-up (0,2 m)",2,Titers,MenB-fHbp/Trumenba,hSBA,"11.2 (7.5, 15.9)",,"73.8 (63.1, 82.8)",,,,,"41.5 (30.7, 52.9)","39.5 (28.8, 51.0)",,,,"37.3 (27.0, 48.7)",,,"48.1 (36.9, 59.5)","45.1 (34.1, 56.5)",,,"0.28507256414003446 (0.19261863341258637, 0.3775264948674826)","3.5078787852372075 (2.648820714824306, 5.191605725174128)",,Variant B24,Yes,
2019Vesikari,,"Czech Republic, Denmark, Finland, Germany, Poland, Spain, Sweden",11-18 y,Adolescents,"Catch-up (0,2 m)",2,Titers,MenB-fHbp/Trumenba,hSBA,"7.5 (4.5, 11.5)",,"76.5 (65.8, 85.2)",,,,,"21.2 (13.1, 31.4)","24.4 (15.8, 34.9)",,,,"22.9 (14.4, 33.4)",,,"21.7 (13.4, 32.1)","24.4 (15.6, 35.1)",,,"0.5235054622856217 (0.3107358208796884, 0.7362751036915549)","1.9101997439224532 (1.3581879856947146, 3.218167757965642)",,Variant B44,Yes,
2019Vesikari,,"Czech Republic, Denmark, Finland, Germany, Poland, Spain, Sweden",11-18 y,Adolescents,"Catch-up (0,4 m)",2,Titers,MenB-fHbp/Trumenba,hSBA,"24.1 (16.4, 33.3)",,"78.3 (63.6, 89.1)",,,,,"41.3 (27.0, 56.8)","51.1 (35.8, 66.3)",,,,"39.1 (25.1, 54.6)",,,"34.1 (20.5, 49.9)","41.3 (27.0, 56.8)",,,"0.3292080717259227 (0.25925954585186034, 0.39915659759998506)","3.037592592299909 (2.505282402978468, 3.8571385933515256)",,Variant A22,Yes,
2019Vesikari,,"Czech Republic, Denmark, Finland, Germany, Poland, Spain, Sweden",11-18 y,Adolescents,"Catch-up (0,4 m)",2,Titers,MenB-fHbp/Trumenba,hSBA,"17.8 (11.0, 26.3)",,"97.8 (88.5, 99.9)",,,,,"71.4 (55.4, 84.3)","62.8 (46.7, 77.0)",,,,"60 (44.3, 74.3)",,,"50 (34.2, 65.8)","47.8 (32.9, 63.1)",,,"0.23036090719930016 (0.22413452740925924, 0.2365872869893411)","4.341014333368792 (4.226769801223735, 4.461606212835055)",,Variant A56,Yes,
2019Vesikari,,"Czech Republic, Denmark, Finland, Germany, Poland, Spain, Sweden",11-18 y,Adolescents,"Catch-up (0,4 m)",2,Titers,MenB-fHbp/Trumenba,hSBA,"14.3 (8.4, 22.2)",,"74.4 (58.8, 86.5)",,,,,"37 (23.2, 52.5)","50 (34.6, 65.4)",,,,"51.1 (35.8, 66.3)",,,"41.9 (27.0, 57.9)","42.2 (27.7, 57.8)",,,"0.2971201403434441 (0.22710881678801853, 0.36713146389886964)","3.365641921291805 (2.723819934636441, 4.403175597244169)",,Variant B24,Yes,
2019Vesikari,,"Czech Republic, Denmark, Finland, Germany, Poland, Spain, Sweden",11-18 y,Adolescents,"Catch-up (0,4 m)",2,Titers,MenB-fHbp/Trumenba,hSBA,"4.4 (1.5, 10.0)",,"84.8 (71.1, 93.7)",,,,,"22.2 (11.2, 37.1)","28.3 (16.0, 43.5)",,,,"28.3 (16.0, 43.5)",,,"18.2 (8.2, 32.7)","23.9 (12.6, 38.8)",,,"0.526621108155415 (0.36017967812344787, 0.6930625381873821)","1.8988984385807848 (1.4428712344132382, 2.7763920641221196)",,Variant B44,Yes,
